{"cameraMode":{"drawMode":0,"name":"Shaded","section":"Shading Mode"},"sceneLighting":true,"audioPlay":false,"sceneViewState":{"m_AlwaysRefresh":false,"showFog":true,"showSkybox":false,"showFlares":true,"showImageEffects":true,"showParticleSystems":true,"showVisualEffectGraphs":true,"m_FxEnabled":true},"in2DMode":false,"pivot":{"x":-1.8938372135162354,"y":10.394996643066407,"z":-2.1004786491394045},"rotation":{"x":0.003922487609088421,"y":0.9799783825874329,"z":-0.198141410946846,"w":0.019402192905545236},"size":11.329922676086426,"orthographic":false}