{"cameraMode":{"drawMode":0,"name":"Shaded","section":"Shading Mode"},"sceneLighting":true,"audioPlay":false,"sceneViewState":{"m_AlwaysRefresh":false,"showFog":true,"showSkybox":false,"showFlares":true,"showImageEffects":true,"showParticleSystems":true,"showVisualEffectGraphs":true,"m_FxEnabled":true},"in2DMode":false,"pivot":{"x":0.13212800025939942,"y":7.756420135498047,"z":-0.11111259460449219},"rotation":{"x":0.003922487609088421,"y":0.9799783825874329,"z":-0.198141410946846,"w":0.019402192905545236},"size":5.060333251953125,"orthographic":false}