{"cameraMode":{"drawMode":0,"name":"Shaded","section":"Shading Mode"},"sceneLighting":false,"audioPlay":false,"sceneViewState":{"m_AlwaysRefresh":false,"showFog":true,"showSkybox":false,"showFlares":true,"showImageEffects":true,"showParticleSystems":true,"showVisualEffectGraphs":true,"m_FxEnabled":true},"in2DMode":false,"pivot":{"x":-0.17887234687805177,"y":-0.04086923599243164,"z":0.0019211769104003907},"rotation":{"x":-0.3806226849555969,"y":-0.3275548815727234,"z":0.14627836644649507,"w":-0.8523216247558594},"size":3.8917031288146974,"orthographic":false}